ESE00018	/scratch/jp/P_biforme_fusco_camemberti/data/Pbifn_ESE00018/Pbifn_ESE00018_R1.fastq.gz	/scratch/jp/P_biforme_fusco_camemberti/data/Pbifn_ESE00018/Pbifn_ESE00018_R2.fastq.gz
ESE00019	/scratch/jp/P_biforme_fusco_camemberti/data/Pcamcam_ESE00019/Pcamcam_ESE00019_R1.fastq.gz	/scratch/jp/P_biforme_fusco_camemberti/data/Pcamcam_ESE00019/Pcamcam_ESE00019_R2.fastq.gz
ESE00023	/scratch/jp/P_biforme_fusco_camemberti/data/Pbifn_ESE00023/Pbifn_ESE00023_R1.fastq.gz	/scratch/jp/P_biforme_fusco_camemberti/data/Pbifn_ESE00023/Pbifn_ESE00023_R2.fastq.gz
ESE00079	/scratch/jp/P_biforme_fusco_camemberti/data/Pfus_ESE00079/Pfus_ESE00079_R1.fastq.gz	/scratch/jp/P_biforme_fusco_camemberti/data/Pfus_ESE00079/Pfus_ESE00079_R2.fastq.gz
ESE00086	/scratch/jp/P_biforme_fusco_camemberti/data/Pbifn_ESE00086/Pbifn_ESE00086_R1.fastq.gz	/scratch/jp/P_biforme_fusco_camemberti/data/Pbifn_ESE00086/Pbifn_ESE00086_R2.fastq.gz
ESE00087	/scratch/jp/P_biforme_fusco_camemberti/data/Pbifc_ESE00087/Pbifc_ESE00087_R1.fastq.gz	/scratch/jp/P_biforme_fusco_camemberti/data/Pbifc_ESE00087/Pbifc_ESE00087_R2.fastq.gz
ESE00089	/scratch/jp/P_biforme_fusco_camemberti/data/Pbifc_ESE00089/Pbifc_ESE00089_R1.fastq.gz	/scratch/jp/P_biforme_fusco_camemberti/data/Pbifc_ESE00089/Pbifc_ESE00089_R2.fastq.gz
ESE00090	/scratch/jp/P_biforme_fusco_camemberti/data/Pfus_ESE00090/Pfus_ESE00090_R1.fastq.gz	/scratch/jp/P_biforme_fusco_camemberti/data/Pfus_ESE00090/Pfus_ESE00090_R2.fastq.gz
ESE00095	/scratch/jp/P_biforme_fusco_camemberti/data/Pbifn_ESE00095/Pbifn_ESE00095_R1.fastq.gz	/scratch/jp/P_biforme_fusco_camemberti/data/Pbifn_ESE00095/Pbifn_ESE00095_R2.fastq.gz
ESE00120-1	/scratch/jp/P_biforme_fusco_camemberti/data/Pcamcam_ESE00120-1/Pcamcam_ESE00120-1_R1.fastq.gz	/scratch/jp/P_biforme_fusco_camemberti/data/Pcamcam_ESE00120-1/Pcamcam_ESE00120-1_R2.fastq.gz
ESE00125	/scratch/jp/P_biforme_fusco_camemberti/data/Pbifn_ESE00125/Pbifn_ESE00125_R1.fastq.gz	/scratch/jp/P_biforme_fusco_camemberti/data/Pbifn_ESE00125/Pbifn_ESE00125_R2.fastq.gz
ESE00126	/scratch/jp/P_biforme_fusco_camemberti/data/Pbifn_ESE00126/Pbifn_ESE00126_R1.fastq.gz	/scratch/jp/P_biforme_fusco_camemberti/data/Pbifn_ESE00126/Pbifn_ESE00126_R2.fastq.gz
ESE00137	/scratch/jp/P_biforme_fusco_camemberti/data/Pbifn_ESE00137/Pbifn_ESE00137_R1.fastq.gz	/scratch/jp/P_biforme_fusco_camemberti/data/Pbifn_ESE00137/Pbifn_ESE00137_R2.fastq.gz
ESE00139	/scratch/jp/P_biforme_fusco_camemberti/data/Pbifn_ESE00139/Pbifn_ESE00139_R1.fastq.gz	/scratch/jp/P_biforme_fusco_camemberti/data/Pbifn_ESE00139/Pbifn_ESE00139_R2.fastq.gz
ESE00151	/scratch/jp/P_biforme_fusco_camemberti/data/Pbifc_ESE00151/Pbifc_ESE00151_R1.fastq.gz	/scratch/jp/P_biforme_fusco_camemberti/data/Pbifc_ESE00151/Pbifc_ESE00151_R2.fastq.gz
ESE00154	/scratch/jp/P_biforme_fusco_camemberti/data/Pbifn_ESE00154/Pbifn_ESE00154_R1.fastq.gz	/scratch/jp/P_biforme_fusco_camemberti/data/Pbifn_ESE00154/Pbifn_ESE00154_R2.fastq.gz
ESE00155	/scratch/jp/P_biforme_fusco_camemberti/data/Pfus_ESE00155/Pfus_ESE00155_R1.fastq.gz	/scratch/jp/P_biforme_fusco_camemberti/data/Pfus_ESE00155/Pfus_ESE00155_R2.fastq.gz
ESE00156	/scratch/jp/P_biforme_fusco_camemberti/data/Pbifc_ESE00156/Pbifc_ESE00156_R1.fastq.gz	/scratch/jp/P_biforme_fusco_camemberti/data/Pbifc_ESE00156/Pbifc_ESE00156_R2.fastq.gz
ESE00157	/scratch/jp/P_biforme_fusco_camemberti/data/Pbifc_ESE00157/Pbifc_ESE00157_R1.fastq.gz	/scratch/jp/P_biforme_fusco_camemberti/data/Pbifc_ESE00157/Pbifc_ESE00157_R2.fastq.gz
ESE00158	/scratch/jp/P_biforme_fusco_camemberti/data/Pbifc_ESE00158/Pbifc_ESE00158_R1.fastq.gz	/scratch/jp/P_biforme_fusco_camemberti/data/Pbifc_ESE00158/Pbifc_ESE00158_R2.fastq.gz
ESE00159	/scratch/jp/P_biforme_fusco_camemberti/data/Pfus_ESE00159/Pfus_ESE00159_R1.fastq.gz	/scratch/jp/P_biforme_fusco_camemberti/data/Pfus_ESE00159/Pfus_ESE00159_R2.fastq.gz
ESE00160	/scratch/jp/P_biforme_fusco_camemberti/data/Pbifc_ESE00160/Pbifc_ESE00160_R1.fastq.gz	/scratch/jp/P_biforme_fusco_camemberti/data/Pbifc_ESE00160/Pbifc_ESE00160_R2.fastq.gz
ESE00207	/scratch/jp/P_biforme_fusco_camemberti/data/Pbifc_ESE00207/Pbifc_ESE00207_R1.fastq.gz	/scratch/jp/P_biforme_fusco_camemberti/data/Pbifc_ESE00207/Pbifc_ESE00207_R2.fastq.gz
ESE00211	/scratch/jp/P_biforme_fusco_camemberti/data/Pbifc_ESE00211/Pbifc_ESE00211_R1.fastq.gz	/scratch/jp/P_biforme_fusco_camemberti/data/Pbifc_ESE00211/Pbifc_ESE00211_R2.fastq.gz
ESE00230	/scratch/jp/P_biforme_fusco_camemberti/data/Pcamcam_ESE00230/Pcamcam_ESE00230_R1.fastq.gz	/scratch/jp/P_biforme_fusco_camemberti/data/Pcamcam_ESE00230/Pcamcam_ESE00230_R2.fastq.gz
ESE00231	/scratch/jp/P_biforme_fusco_camemberti/data/Pcamcam_ESE00231/Pcamcam_ESE00231_R1.fastq.gz	/scratch/jp/P_biforme_fusco_camemberti/data/Pcamcam_ESE00231/Pcamcam_ESE00231_R2.fastq.gz
ESE00232	/scratch/jp/P_biforme_fusco_camemberti/data/Pfus_ESE00232/Pfus_ESE00232_R1.fastq.gz	/scratch/jp/P_biforme_fusco_camemberti/data/Pfus_ESE00232/Pfus_ESE00232_R2.fastq.gz
ESE00282	/scratch/jp/P_biforme_fusco_camemberti/data/Pbifc_ESE00282/Pbifc_ESE00282_R1.fastq.gz	/scratch/jp/P_biforme_fusco_camemberti/data/Pbifc_ESE00282/Pbifc_ESE00282_R2.fastq.gz
ESE00283	/scratch/jp/P_biforme_fusco_camemberti/data/Pbifn_ESE00283/Pbifn_ESE00283_R1.fastq.gz	/scratch/jp/P_biforme_fusco_camemberti/data/Pbifn_ESE00283/Pbifn_ESE00283_R2.fastq.gz
ESE00381	/scratch/jp/P_biforme_fusco_camemberti/data/Pbifn_ESE00381/Pbifn_ESE00381_R1.fastq.gz	/scratch/jp/P_biforme_fusco_camemberti/data/Pbifn_ESE00381/Pbifn_ESE00381_R2.fastq.gz
ESE00389	/scratch/jp/P_biforme_fusco_camemberti/data/Pcamcam_ESE00389/Pcamcam_ESE00389_R1.fastq.gz	/scratch/jp/P_biforme_fusco_camemberti/data/Pcamcam_ESE00389/Pcamcam_ESE00389_R2.fastq.gz
ESE00418	/scratch/jp/P_biforme_fusco_camemberti/data/Pbifn_ESE00418/Pbifn_ESE00418_R1.fastq.gz	/scratch/jp/P_biforme_fusco_camemberti/data/Pbifn_ESE00418/Pbifn_ESE00418_R2.fastq.gz
ESE00553	/scratch/jp/P_biforme_fusco_camemberti/data/Pbifn_ESE00553/Pbifn_ESE00553_R1.fastq.gz	/scratch/jp/P_biforme_fusco_camemberti/data/Pbifn_ESE00553/Pbifn_ESE00553_R2.fastq.gz
ESE00957	/scratch/jp/P_biforme_fusco_camemberti/data/Pfus_ESE00957/Pfus_ESE00957_R1.fastq.gz	/scratch/jp/P_biforme_fusco_camemberti/data/Pfus_ESE00957/Pfus_ESE00957_R2.fastq.gz
ESE00958	/scratch/jp/P_biforme_fusco_camemberti/data/Pfus_ESE00958/Pfus_ESE00958_R1.fastq.gz	/scratch/jp/P_biforme_fusco_camemberti/data/Pfus_ESE00958/Pfus_ESE00958_R2.fastq.gz
ESE00960	/scratch/jp/P_biforme_fusco_camemberti/data/Pbifn_ESE00960/Pbifn_ESE00960_R1.fastq.gz	/scratch/jp/P_biforme_fusco_camemberti/data/Pbifn_ESE00960/Pbifn_ESE00960_R2.fastq.gz
ESE00961	/scratch/jp/P_biforme_fusco_camemberti/data/Pfus_ESE00961/Pfus_ESE00961_R1.fastq.gz	/scratch/jp/P_biforme_fusco_camemberti/data/Pfus_ESE00961/Pfus_ESE00961_R2.fastq.gz
ESE00978	/scratch/jp/P_biforme_fusco_camemberti/data/Pcamcas_ESE00978/Pcamcas_ESE00978_R1.fastq.gz	/scratch/jp/P_biforme_fusco_camemberti/data/Pcamcas_ESE00978/Pcamcas_ESE00978_R2.fastq.gz
ESE00993	/scratch/jp/P_biforme_fusco_camemberti/data/Pbifc_ESE00993/Pbifc_ESE00993_R1.fastq.gz	/scratch/jp/P_biforme_fusco_camemberti/data/Pbifc_ESE00993/Pbifc_ESE00993_R2.fastq.gz
ESE01218	/scratch/jp/P_biforme_fusco_camemberti/data/Pbifn_ESE01218/Pbifn_ESE01218_R1.fastq.gz	/scratch/jp/P_biforme_fusco_camemberti/data/Pbifn_ESE01218/Pbifn_ESE01218_R2.fastq.gz
ESE01261	/scratch/jp/P_biforme_fusco_camemberti/data/Pcamcas_ESE01261/Pcamcas_ESE01261_R1.fastq.gz	/scratch/jp/P_biforme_fusco_camemberti/data/Pcamcas_ESE01261/Pcamcas_ESE01261_R2.fastq.gz
ESE01262	/scratch/jp/P_biforme_fusco_camemberti/data/Pbifc_ESE01262/Pbifc_ESE01262_R1.fastq.gz	/scratch/jp/P_biforme_fusco_camemberti/data/Pbifc_ESE01262/Pbifc_ESE01262_R2.fastq.gz
ESE01384	/scratch/jp/P_biforme_fusco_camemberti/data/Pbifn_ESE01384/Pbifn_ESE01384_R1.fastq.gz	/scratch/jp/P_biforme_fusco_camemberti/data/Pbifn_ESE01384/Pbifn_ESE01384_R2.fastq.gz
ESE01393	/scratch/jp/P_biforme_fusco_camemberti/data/Pbifn_ESE01393/Pbifn_ESE01393_R1.fastq.gz	/scratch/jp/P_biforme_fusco_camemberti/data/Pbifn_ESE01393/Pbifn_ESE01393_R2.fastq.gz
ESE01397	/scratch/jp/P_biforme_fusco_camemberti/data/Pbifn_ESE01397/Pbifn_ESE01397_R1.fastq.gz	/scratch/jp/P_biforme_fusco_camemberti/data/Pbifn_ESE01397/Pbifn_ESE01397_R2.fastq.gz
ESE01400	/scratch/jp/P_biforme_fusco_camemberti/data/Pbifn_ESE01400/Pbifn_ESE01400_R1.fastq.gz	/scratch/jp/P_biforme_fusco_camemberti/data/Pbifn_ESE01400/Pbifn_ESE01400_R2.fastq.gz
ESE01413	/scratch/jp/P_biforme_fusco_camemberti/data/Pbifn_ESE01413/Pbifn_ESE01413_R1.fastq.gz	/scratch/jp/P_biforme_fusco_camemberti/data/Pbifn_ESE01413/Pbifn_ESE01413_R2.fastq.gz
ESE01417	/scratch/jp/P_biforme_fusco_camemberti/data/Pbifn_ESE01417/Pbifn_ESE01417_R1.fastq.gz	/scratch/jp/P_biforme_fusco_camemberti/data/Pbifn_ESE01417/Pbifn_ESE01417_R2.fastq.gz
ESE01435	/scratch/jp/P_biforme_fusco_camemberti/data/Pbifn_ESE01435/Pbifn_ESE01435_R1.fastq.gz	/scratch/jp/P_biforme_fusco_camemberti/data/Pbifn_ESE01435/Pbifn_ESE01435_R2.fastq.gz
ESE01449	/scratch/jp/P_biforme_fusco_camemberti/data/Pbifn_ESE01449/Pbifn_ESE01449_R1.fastq.gz	/scratch/jp/P_biforme_fusco_camemberti/data/Pbifn_ESE01449/Pbifn_ESE01449_R2.fastq.gz
ESE01521	/scratch/jp/P_biforme_fusco_camemberti/data/Pbifn_ESE01521/Pbifn_ESE01521_R1.fastq.gz	/scratch/jp/P_biforme_fusco_camemberti/data/Pbifn_ESE01521/Pbifn_ESE01521_R2.fastq.gz
ESE01522	/scratch/jp/P_biforme_fusco_camemberti/data/Pbifn_ESE01522/Pbifn_ESE01522_R1.fastq.gz	/scratch/jp/P_biforme_fusco_camemberti/data/Pbifn_ESE01522/Pbifn_ESE01522_R2.fastq.gz
ESE01527	/scratch/jp/P_biforme_fusco_camemberti/data/Pbifn_ESE01527/Pbifn_ESE01527_R1.fastq.gz	/scratch/jp/P_biforme_fusco_camemberti/data/Pbifn_ESE01527/Pbifn_ESE01527_R2.fastq.gz
ESE01535	/scratch/jp/P_biforme_fusco_camemberti/data/Pbifn_ESE01535/Pbifn_ESE01535_R1.fastq.gz	/scratch/jp/P_biforme_fusco_camemberti/data/Pbifn_ESE01535/Pbifn_ESE01535_R2.fastq.gz
ESE01543	/scratch/jp/P_biforme_fusco_camemberti/data/Pbifc_ESE01543/Pbifc_ESE01543_R1.fastq.gz	/scratch/jp/P_biforme_fusco_camemberti/data/Pbifc_ESE01543/Pbifc_ESE01543_R2.fastq.gz
ESE01564	/scratch/jp/P_biforme_fusco_camemberti/data/Pbifn_ESE01564/Pbifn_ESE01564_R1.fastq.gz	/scratch/jp/P_biforme_fusco_camemberti/data/Pbifn_ESE01564/Pbifn_ESE01564_R2.fastq.gz
ESE01567	/scratch/jp/P_biforme_fusco_camemberti/data/Pbifn_ESE01567/Pbifn_ESE01567_R1.fastq.gz	/scratch/jp/P_biforme_fusco_camemberti/data/Pbifn_ESE01567/Pbifn_ESE01567_R2.fastq.gz
ESE01587	/scratch/jp/P_biforme_fusco_camemberti/data/Pbifn_ESE01587/Pbifn_ESE01587_R1.fastq.gz	/scratch/jp/P_biforme_fusco_camemberti/data/Pbifn_ESE01587/Pbifn_ESE01587_R2.fastq.gz
ESE01589	/scratch/jp/P_biforme_fusco_camemberti/data/Pbifn_ESE01589/Pbifn_ESE01589_R1.fastq.gz	/scratch/jp/P_biforme_fusco_camemberti/data/Pbifn_ESE01589/Pbifn_ESE01589_R2.fastq.gz
ESE01590	/scratch/jp/P_biforme_fusco_camemberti/data/Pbifn_ESE01590/Pbifn_ESE01590_R1.fastq.gz	/scratch/jp/P_biforme_fusco_camemberti/data/Pbifn_ESE01590/Pbifn_ESE01590_R2.fastq.gz
ESE01592	/scratch/jp/P_biforme_fusco_camemberti/data/Pbifn_ESE01592/Pbifn_ESE01592_R1.fastq.gz	/scratch/jp/P_biforme_fusco_camemberti/data/Pbifn_ESE01592/Pbifn_ESE01592_R2.fastq.gz
ESE01594	/scratch/jp/P_biforme_fusco_camemberti/data/Pbifc_ESE01594/Pbifc_ESE01594_R1.fastq.gz	/scratch/jp/P_biforme_fusco_camemberti/data/Pbifc_ESE01594/Pbifc_ESE01594_R2.fastq.gz
ESE01607	/scratch/jp/P_biforme_fusco_camemberti/data/Pbifn_ESE01607/Pbifn_ESE01607_R1.fastq.gz	/scratch/jp/P_biforme_fusco_camemberti/data/Pbifn_ESE01607/Pbifn_ESE01607_R2.fastq.gz
ESE01617	/scratch/jp/P_biforme_fusco_camemberti/data/Pbifn_ESE01617/Pbifn_ESE01617_R1.fastq.gz	/scratch/jp/P_biforme_fusco_camemberti/data/Pbifn_ESE01617/Pbifn_ESE01617_R2.fastq.gz
ESE01619	/scratch/jp/P_biforme_fusco_camemberti/data/Pbifn_ESE01619/Pbifn_ESE01619_R1.fastq.gz	/scratch/jp/P_biforme_fusco_camemberti/data/Pbifn_ESE01619/Pbifn_ESE01619_R2.fastq.gz
ESE01623	/scratch/jp/P_biforme_fusco_camemberti/data/Pbifn_ESE01623/Pbifn_ESE01623_R1.fastq.gz	/scratch/jp/P_biforme_fusco_camemberti/data/Pbifn_ESE01623/Pbifn_ESE01623_R2.fastq.gz
ESE01635	/scratch/jp/P_biforme_fusco_camemberti/data/Pbifn_ESE01635/Pbifn_ESE01635_R1.fastq.gz	/scratch/jp/P_biforme_fusco_camemberti/data/Pbifn_ESE01635/Pbifn_ESE01635_R2.fastq.gz
ESE01653	/scratch/jp/P_biforme_fusco_camemberti/data/Pbifn_ESE01653/Pbifn_ESE01653_R1.fastq.gz	/scratch/jp/P_biforme_fusco_camemberti/data/Pbifn_ESE01653/Pbifn_ESE01653_R2.fastq.gz
ESE01661	/scratch/jp/P_biforme_fusco_camemberti/data/Pfus_ESE01661/Pfus_ESE01661_R1.fastq.gz	/scratch/jp/P_biforme_fusco_camemberti/data/Pfus_ESE01661/Pfus_ESE01661_R2.fastq.gz
ESE01670	/scratch/jp/P_biforme_fusco_camemberti/data/Pbifn_ESE01670/Pbifn_ESE01670_R1.fastq.gz	/scratch/jp/P_biforme_fusco_camemberti/data/Pbifn_ESE01670/Pbifn_ESE01670_R2.fastq.gz
ESE01696	/scratch/jp/P_biforme_fusco_camemberti/data/Pbifn_ESE01696/Pbifn_ESE01696_R1.fastq.gz	/scratch/jp/P_biforme_fusco_camemberti/data/Pbifn_ESE01696/Pbifn_ESE01696_R2.fastq.gz
ESE01841	/scratch/jp/P_biforme_fusco_camemberti/data/Pbifn_ESE01841/Pbifn_ESE01841_R1.fastq.gz	/scratch/jp/P_biforme_fusco_camemberti/data/Pbifn_ESE01841/Pbifn_ESE01841_R2.fastq.gz
ESE01892	/scratch/jp/P_biforme_fusco_camemberti/data/Pbifn_ESE01892/Pbifn_ESE01892_R1.fastq.gz	/scratch/jp/P_biforme_fusco_camemberti/data/Pbifn_ESE01892/Pbifn_ESE01892_R2.fastq.gz
ESE01900	/scratch/jp/P_biforme_fusco_camemberti/data/Pbifc_ESE01900/Pbifc_ESE01900_R1.fastq.gz	/scratch/jp/P_biforme_fusco_camemberti/data/Pbifc_ESE01900/Pbifc_ESE01900_R2.fastq.gz
ESE01960	/scratch/jp/P_biforme_fusco_camemberti/data/Pbifn_ESE01960/Pbifn_ESE01960_R1.fastq.gz	/scratch/jp/P_biforme_fusco_camemberti/data/Pbifn_ESE01960/Pbifn_ESE01960_R2.fastq.gz
ESE02085	/scratch/jp/P_biforme_fusco_camemberti/data/Pbif_ESE02085/Pbif_ESE02085_R1.fastq.gz	/scratch/jp/P_biforme_fusco_camemberti/data/Pbif_ESE02085/Pbif_ESE02085_R2.fastq.gz
ESE02102	/scratch/jp/P_biforme_fusco_camemberti/data/Pbif_ESE02102/Pbif_ESE02102_R1.fastq.gz	/scratch/jp/P_biforme_fusco_camemberti/data/Pbif_ESE02102/Pbif_ESE02102_R2.fastq.gz
ESE02164	/scratch/jp/P_biforme_fusco_camemberti/data/Pbif_ESE02164/Pbif_ESE02164_R1.fastq.gz	/scratch/jp/P_biforme_fusco_camemberti/data/Pbif_ESE02164/Pbif_ESE02164_R2.fastq.gz
ESE02184	/scratch/jp/P_biforme_fusco_camemberti/data/Pbif_ESE02184/Pbif_ESE02184_R1.fastq.gz	/scratch/jp/P_biforme_fusco_camemberti/data/Pbif_ESE02184/Pbif_ESE02184_R2.fastq.gz
ESE02190	/scratch/jp/P_biforme_fusco_camemberti/data/Pbif_ESE02190/Pbif_ESE02190_R1.fastq.gz	/scratch/jp/P_biforme_fusco_camemberti/data/Pbif_ESE02190/Pbif_ESE02190_R2.fastq.gz
FM013	/scratch/jp/P_biforme_fusco_camemberti/data/Pcamcam_FM013/Pcamcam_FM013_R1.fastq.gz	/scratch/jp/P_biforme_fusco_camemberti/data/Pcamcam_FM013/Pcamcam_FM013_R2.fastq.gz
LCP1920	/scratch/jp/P_biforme_fusco_camemberti/data/Pcamcam_LCP1920/Pcamcam_LCP1920_R1.fastq.gz	/scratch/jp/P_biforme_fusco_camemberti/data/Pcamcam_LCP1920/Pcamcam_LCP1920_R2.fastq.gz
LCP218	/scratch/jp/P_biforme_fusco_camemberti/data/Pfus_LCP218/Pfus_LCP218_R1.fastq.gz	/scratch/jp/P_biforme_fusco_camemberti/data/Pfus_LCP218/Pfus_LCP218_R2.fastq.gz
LCP3239	/scratch/jp/P_biforme_fusco_camemberti/data/Pfus_LCP3239/Pfus_LCP3239_R1.fastq.gz	/scratch/jp/P_biforme_fusco_camemberti/data/Pfus_LCP3239/Pfus_LCP3239_R2.fastq.gz
LCP4258	/scratch/jp/P_biforme_fusco_camemberti/data/Pcamcam_LCP4258/Pcamcam_LCP4258_R1.fastq.gz	/scratch/jp/P_biforme_fusco_camemberti/data/Pcamcam_LCP4258/Pcamcam_LCP4258_R2.fastq.gz
LCP4799	/scratch/jp/P_biforme_fusco_camemberti/data/Pfus_LCP4799/Pfus_LCP4799_R1.fastq.gz	/scratch/jp/P_biforme_fusco_camemberti/data/Pfus_LCP4799/Pfus_LCP4799_R2.fastq.gz
LCP4810	/scratch/jp/P_biforme_fusco_camemberti/data/Pcamcam_LCP4810/Pcamcam_LCP4810_R1.fastq.gz	/scratch/jp/P_biforme_fusco_camemberti/data/Pcamcam_LCP4810/Pcamcam_LCP4810_R2.fastq.gz
LCP5327	/scratch/jp/P_biforme_fusco_camemberti/data/Pfus_LCP5327/Pfus_LCP5327_R1.fastq.gz	/scratch/jp/P_biforme_fusco_camemberti/data/Pfus_LCP5327/Pfus_LCP5327_R2.fastq.gz
LCP5471	/scratch/jp/P_biforme_fusco_camemberti/data/Pfus_LCP5471/Pfus_LCP5471_R1.fastq.gz	/scratch/jp/P_biforme_fusco_camemberti/data/Pfus_LCP5471/Pfus_LCP5471_R2.fastq.gz
LCP5496	/scratch/jp/P_biforme_fusco_camemberti/data/Pbifn_LCP5496/Pbifn_LCP5496_R1.fastq.gz	/scratch/jp/P_biforme_fusco_camemberti/data/Pbifn_LCP5496/Pbifn_LCP5496_R2.fastq.gz
LCP5527	/scratch/jp/P_biforme_fusco_camemberti/data/Pcamcam_LCP5527/Pcamcam_LCP5527_R1.fastq.gz	/scratch/jp/P_biforme_fusco_camemberti/data/Pcamcam_LCP5527/Pcamcam_LCP5527_R2.fastq.gz
LCP5529T	/scratch/jp/P_biforme_fusco_camemberti/data/Pbifn_LCP5529T/Pbifn_LCP5529T_R1.fastq.gz	/scratch/jp/P_biforme_fusco_camemberti/data/Pbifn_LCP5529T/Pbifn_LCP5529T_R2.fastq.gz
LCP5531	/scratch/jp/P_biforme_fusco_camemberti/data/Pbifn_LCP5531/Pbifn_LCP5531_R1.fastq.gz	/scratch/jp/P_biforme_fusco_camemberti/data/Pbifn_LCP5531/Pbifn_LCP5531_R2.fastq.gz
LCP5630T	/scratch/jp/P_biforme_fusco_camemberti/data/Pcamcam_LCP5630T/Pcamcam_LCP5630T_R1.fastq.gz	/scratch/jp/P_biforme_fusco_camemberti/data/Pcamcam_LCP5630T/Pcamcam_LCP5630T_R2.fastq.gz
LCP5639	/scratch/jp/P_biforme_fusco_camemberti/data/Pbifc_LCP5639/Pbifc_LCP5639_R1.fastq.gz	/scratch/jp/P_biforme_fusco_camemberti/data/Pbifc_LCP5639/Pbifc_LCP5639_R2.fastq.gz
LCP584T	/scratch/jp/P_biforme_fusco_camemberti/data/Pcamcam_LCP584T/Pcamcam_LCP584T_R1.fastq.gz	/scratch/jp/P_biforme_fusco_camemberti/data/Pcamcam_LCP584T/Pcamcam_LCP584T_R2.fastq.gz
LCP6615	/scratch/jp/P_biforme_fusco_camemberti/data/Pfus_LCP6615/Pfus_LCP6615_R1.fastq.gz	/scratch/jp/P_biforme_fusco_camemberti/data/Pfus_LCP6615/Pfus_LCP6615_R2.fastq.gz
LCP6617	/scratch/jp/P_biforme_fusco_camemberti/data/Pfus_LCP6617/Pfus_LCP6617_R1.fastq.gz	/scratch/jp/P_biforme_fusco_camemberti/data/Pfus_LCP6617/Pfus_LCP6617_R2.fastq.gz
LCP6620	/scratch/jp/P_biforme_fusco_camemberti/data/Pbifn_LCP6620/Pbifn_LCP6620_R1.fastq.gz	/scratch/jp/P_biforme_fusco_camemberti/data/Pbifn_LCP6620/Pbifn_LCP6620_R2.fastq.gz
LCP6621	/scratch/jp/P_biforme_fusco_camemberti/data/Pfus_LCP6621/Pfus_LCP6621_R1.fastq.gz	/scratch/jp/P_biforme_fusco_camemberti/data/Pfus_LCP6621/Pfus_LCP6621_R2.fastq.gz
LCP6622	/scratch/jp/P_biforme_fusco_camemberti/data/Pcamcam_LCP6622/Pcamcam_LCP6622_R1.fastq.gz	/scratch/jp/P_biforme_fusco_camemberti/data/Pcamcam_LCP6622/Pcamcam_LCP6622_R2.fastq.gz
LCP6623	/scratch/jp/P_biforme_fusco_camemberti/data/Pfus_LCP6623/Pfus_LCP6623_R1.fastq.gz	/scratch/jp/P_biforme_fusco_camemberti/data/Pfus_LCP6623/Pfus_LCP6623_R2.fastq.gz
LCP6697	/scratch/jp/P_biforme_fusco_camemberti/data/Pfus_LCP6697/Pfus_LCP6697_R1.fastq.gz	/scratch/jp/P_biforme_fusco_camemberti/data/Pfus_LCP6697/Pfus_LCP6697_R2.fastq.gz
LCP6699	/scratch/jp/P_biforme_fusco_camemberti/data/Pcamcam_LCP6699/Pcamcam_LCP6699_R1.fastq.gz	/scratch/jp/P_biforme_fusco_camemberti/data/Pcamcam_LCP6699/Pcamcam_LCP6699_R2.fastq.gz
LCP6700	/scratch/jp/P_biforme_fusco_camemberti/data/Pfus_LCP6700/Pfus_LCP6700_R1.fastq.gz	/scratch/jp/P_biforme_fusco_camemberti/data/Pfus_LCP6700/Pfus_LCP6700_R2.fastq.gz
LCP6701	/scratch/jp/P_biforme_fusco_camemberti/data/Pbifc_LCP6701/Pbifc_LCP6701_R1.fastq.gz	/scratch/jp/P_biforme_fusco_camemberti/data/Pbifc_LCP6701/Pbifc_LCP6701_R2.fastq.gz
LCP797	/scratch/jp/P_biforme_fusco_camemberti/data/Pfus_LCP797/Pfus_LCP797_R1.fastq.gz	/scratch/jp/P_biforme_fusco_camemberti/data/Pfus_LCP797/Pfus_LCP797_R2.fastq.gz
LMA421	/scratch/jp/P_biforme_fusco_camemberti/data/Pbifn_LMA421/Pbifn_LMA421_R1.fastq.gz	/scratch/jp/P_biforme_fusco_camemberti/data/Pbifn_LMA421/Pbifn_LMA421_R2.fastq.gz
PN0144	/scratch/jp/P_biforme_fusco_camemberti/data/Pfus_PN0144/Pfus_PN0144_R1.fastq.gz	/scratch/jp/P_biforme_fusco_camemberti/data/Pfus_PN0144/Pfus_PN0144_R2.fastq.gz
UBOCC-A-108096	/scratch/jp/P_biforme_fusco_camemberti/data/Pcamcam_UBOCC-A-108096/Pcamcam_UBOCC-A-108096_R1.fastq.gz	/scratch/jp/P_biforme_fusco_camemberti/data/Pcamcam_UBOCC-A-108096/Pcamcam_UBOCC-A-108096_R2.fastq.gz
UBOCC-A-108097	/scratch/jp/P_biforme_fusco_camemberti/data/Pcamcas_UBOCC-A-108097/Pcamcas_UBOCC-A-108097_R1.fastq.gz	/scratch/jp/P_biforme_fusco_camemberti/data/Pcamcas_UBOCC-A-108097/Pcamcas_UBOCC-A-108097_R2.fastq.gz
UBOCC-A-112050	/scratch/jp/P_biforme_fusco_camemberti/data/Pbifn_UBOCC-A-112050/Pbifn_UBOCC-A-112050_R1.fastq.gz	/scratch/jp/P_biforme_fusco_camemberti/data/Pbifn_UBOCC-A-112050/Pbifn_UBOCC-A-112050_R2.fastq.gz
UBOCC-A-112053	/scratch/jp/P_biforme_fusco_camemberti/data/Pbifc_UBOCC-A-112053/Pbifc_UBOCC-A-112053_R1.fastq.gz	/scratch/jp/P_biforme_fusco_camemberti/data/Pbifc_UBOCC-A-112053/Pbifc_UBOCC-A-112053_R2.fastq.gz
UBOCC-A-112059	/scratch/jp/P_biforme_fusco_camemberti/data/Pbifn_UBOCC-A-112059/Pbifn_UBOCC-A-112059_R1.fastq.gz	/scratch/jp/P_biforme_fusco_camemberti/data/Pbifn_UBOCC-A-112059/Pbifn_UBOCC-A-112059_R2.fastq.gz
UBOCC-A-113052	/scratch/jp/P_biforme_fusco_camemberti/data/Pcamcam_UBOCC-A-113052/Pcamcam_UBOCC-A-113052_R1.fastq.gz	/scratch/jp/P_biforme_fusco_camemberti/data/Pcamcam_UBOCC-A-113052/Pcamcam_UBOCC-A-113052_R2.fastq.gz
UBOCC-A-113054	/scratch/jp/P_biforme_fusco_camemberti/data/Pcamcam_UBOCC-A-113054/Pcamcam_UBOCC-A-113054_R1.fastq.gz	/scratch/jp/P_biforme_fusco_camemberti/data/Pcamcam_UBOCC-A-113054/Pcamcam_UBOCC-A-113054_R2.fastq.gz
UBOCC-A-113056	/scratch/jp/P_biforme_fusco_camemberti/data/Pcamcam_UBOCC-A-113056/Pcamcam_UBOCC-A-113056_R1.fastq.gz	/scratch/jp/P_biforme_fusco_camemberti/data/Pcamcam_UBOCC-A-113056/Pcamcam_UBOCC-A-113056_R2.fastq.gz
UBOCC-A-113059	/scratch/jp/P_biforme_fusco_camemberti/data/Pcamcam_UBOCC-A-113059/Pcamcam_UBOCC-A-113059_R1.fastq.gz	/scratch/jp/P_biforme_fusco_camemberti/data/Pcamcam_UBOCC-A-113059/Pcamcam_UBOCC-A-113059_R2.fastq.gz
UBOCC-A-116003	/scratch/jp/P_biforme_fusco_camemberti/data/Pbifn_UBOCC-A-116003/Pbifn_UBOCC-A-116003_R1.fastq.gz	/scratch/jp/P_biforme_fusco_camemberti/data/Pbifn_UBOCC-A-116003/Pbifn_UBOCC-A-116003_R2.fastq.gz
